Kód ADM;Kód obce;Název obce;Kód MOMC;Název MOMC;Kód MOP;Název MOP;Kód èásti obce;Název èásti obce;Kód ulice;Název ulice;Typ SO;Èíslo domovní;Èíslo orientaèní;Znak èísla orientaèního;PSÈ;Souøadnice Y;Souøadnice X;Platí Od
17243955;538647;Postøižín;;;;;126209;Postøižín;418510;Teplická;è.p.;1;;;25070;743134.50;1026549.00;2013-12-01T00:00:00
17243963;538647;Postøižín;;;;;126209;Postøižín;418561;Pražská;è.p.;2;;;25070;743127.91;1026569.55;2013-12-01T00:00:00
17243971;538647;Postøižín;;;;;126209;Postøižín;418561;Pražská;è.p.;3;;;25070;743115.00;1026586.00;2013-12-01T00:00:00
17243980;538647;Postøižín;;;;;126209;Postøižín;418501;Pøíèná;è.p.;4;;;25070;743290.38;1026863.81;2013-12-01T00:00:00
17243998;538647;Postøižín;;;;;126209;Postøižín;418561;Pražská;è.p.;5;;;25070;743098.06;1026650.19;2013-12-01T00:00:00
17244005;538647;Postøižín;;;;;126209;Postøižín;418510;Teplická;è.p.;6;;;25070;743071.75;1026657.64;2013-12-01T00:00:00
17244013;538647;Postøižín;;;;;126209;Postøižín;418579;Krátká;è.p.;7;;;25070;743047.06;1026650.69;2013-12-01T00:00:00
17244021;538647;Postøižín;;;;;126209;Postøižín;418587;U Koupalištì;è.p.;8;;;25070;743034.00;1026615.44;2013-12-01T00:00:00
17244030;538647;Postøižín;;;;;126209;Postøižín;418587;U Koupalištì;è.p.;9;;;25070;743032.94;1026622.94;2013-12-01T00:00:00
17244048;538647;Postøižín;;;;;126209;Postøižín;418501;Pøíèná;è.p.;10;;;25070;743270.00;1026900.00;2013-12-01T00:00:00
17244056;538647;Postøižín;;;;;126209;Postøižín;418587;U Koupalištì;è.p.;11;;;25070;743007.31;1026636.81;2013-12-01T00:00:00
17244064;538647;Postøižín;;;;;126209;Postøižín;418561;Pražská;è.p.;12;;;25070;743037.19;1026706.75;2013-12-01T00:00:00
17244072;538647;Postøižín;;;;;126209;Postøižín;418561;Pražská;è.p.;13;;;25070;743009.44;1026718.75;2013-12-01T00:00:00
17244081;538647;Postøižín;;;;;126209;Postøižín;418501;Pøíèná;è.p.;14;;;25070;743216.88;1026901.81;2013-12-01T00:00:00
17244099;538647;Postøižín;;;;;126209;Postøižín;418501;Pøíèná;è.p.;15;;;25070;743294.19;1026908.81;2013-12-01T00:00:00
17244102;538647;Postøižín;;;;;126209;Postøižín;418544;Zahradní;è.p.;16;;;25070;742973.13;1026771.88;2017-03-22T00:00:00
17244111;538647;Postøižín;;;;;126209;Postøižín;418480;Dlouhá;è.p.;17;;;25070;743058.81;1026842.13;2013-12-01T00:00:00
17244129;538647;Postøižín;;;;;126209;Postøižín;418501;Pøíèná;è.p.;18;;;25070;743002.25;1026819.69;2013-12-01T00:00:00
17244137;538647;Postøižín;;;;;126209;Postøižín;418536;Okružní;è.p.;19;;;25070;743022.25;1026822.88;2013-12-01T00:00:00
17244145;538647;Postøižín;;;;;126209;Postøižín;418536;Okružní;è.p.;20;;;25070;743043.38;1026815.13;2013-12-01T00:00:00
17244153;538647;Postøižín;;;;;126209;Postøižín;418480;Dlouhá;è.p.;21;;;25070;743089.06;1026843.35;2013-12-01T00:00:00
17244161;538647;Postøižín;;;;;126209;Postøižín;418480;Dlouhá;è.p.;22;;;25070;743121.00;1026828.00;2013-12-01T00:00:00
17244170;538647;Postøižín;;;;;126209;Postøižín;418471;V Zátiší;è.p.;23;;;25070;743359.19;1026873.06;2013-12-01T00:00:00
17244188;538647;Postøižín;;;;;126209;Postøižín;418480;Dlouhá;è.p.;24;;;25070;743161.06;1026827.44;2013-12-01T00:00:00
17244196;538647;Postøižín;;;;;126209;Postøižín;418480;Dlouhá;è.p.;25;;;25070;743194.19;1026826.38;2013-12-01T00:00:00
17244200;538647;Postøižín;;;;;126209;Postøižín;418480;Dlouhá;è.p.;26;;;25070;743210.19;1026825.00;2013-12-01T00:00:00
17244218;538647;Postøižín;;;;;126209;Postøižín;418480;Dlouhá;è.p.;27;;;25070;743125.00;1026790.00;2013-12-01T00:00:00
17244226;538647;Postøižín;;;;;126209;Postøižín;418480;Dlouhá;è.p.;28;;;25070;743109.00;1026808.19;2013-12-01T00:00:00
17244234;538647;Postøižín;;;;;126209;Postøižín;418480;Dlouhá;è.p.;29;;;25070;743086.88;1026801.00;2013-12-01T00:00:00
17244242;538647;Postøižín;;;;;126209;Postøižín;418536;Okružní;è.p.;30;;;25070;743072.44;1026791.38;2013-12-01T00:00:00
17244251;538647;Postøižín;;;;;126209;Postøižín;418536;Okružní;è.p.;31;;;25070;743069.00;1026757.00;2013-12-01T00:00:00
17244269;538647;Postøižín;;;;;126209;Postøižín;418480;Dlouhá;è.p.;32;;;25070;743231.00;1026808.00;2013-12-01T00:00:00
17244277;538647;Postøižín;;;;;126209;Postøižín;418536;Okružní;è.p.;33;;;25070;743024.10;1026766.13;2014-02-28T00:00:00
17244285;538647;Postøižín;;;;;126209;Postøižín;418561;Pražská;è.p.;34;;;25070;743093.00;1026742.81;2013-12-01T00:00:00
17244293;538647;Postøižín;;;;;126209;Postøižín;814431;Polní;è.p.;35;;;25070;742958.34;1026808.86;2013-12-01T00:00:00
17244307;538647;Postøižín;;;;;126209;Postøižín;418480;Dlouhá;è.p.;36;;;25070;743202.22;1026808.83;2018-02-20T00:00:00
17244315;538647;Postøižín;;;;;126209;Postøižín;418561;Pražská;è.p.;37;;;25070;743167.25;1026645.38;2013-12-01T00:00:00
17244323;538647;Postøižín;;;;;126209;Postøižín;418561;Pražská;è.p.;38;;;25070;743081.50;1026693.38;2013-12-01T00:00:00
17244331;538647;Postøižín;;;;;126209;Postøižín;418561;Pražská;è.p.;39;;;25070;743160.25;1026573.06;2013-12-01T00:00:00
17244340;538647;Postøižín;;;;;126209;Postøižín;418480;Dlouhá;è.p.;40;;;25070;743098.38;1026812.19;2013-12-01T00:00:00
17244366;538647;Postøižín;;;;;126209;Postøižín;418561;Pražská;è.p.;42;;;25070;743102.33;1026708.17;2013-12-01T00:00:00
17244374;538647;Postøižín;;;;;126209;Postøižín;418561;Pražská;è.p.;43;;;25070;742949.61;1026769.02;2013-12-01T00:00:00
17244382;538647;Postøižín;;;;;126209;Postøižín;418561;Pražská;è.p.;44;;;25070;742970.13;1026758.44;2013-12-01T00:00:00
17244391;538647;Postøižín;;;;;126209;Postøižín;418480;Dlouhá;è.p.;45;;;25070;743213.44;1026772.44;2013-12-01T00:00:00
17244404;538647;Postøižín;;;;;126209;Postøižín;418480;Dlouhá;è.p.;46;;;25070;743223.75;1026769.69;2013-12-01T00:00:00
17244412;538647;Postøižín;;;;;126209;Postøižín;418480;Dlouhá;è.p.;47;;;25070;743138.00;1026794.09;2013-12-01T00:00:00
17244421;538647;Postøižín;;;;;126209;Postøižín;418480;Dlouhá;è.p.;48;;;25070;743238.75;1026765.75;2013-12-01T00:00:00
17244439;538647;Postøižín;;;;;126209;Postøižín;418480;Dlouhá;è.p.;49;;;25070;743251.56;1026762.44;2013-12-01T00:00:00
17244447;538647;Postøižín;;;;;126209;Postøižín;418544;Zahradní;è.p.;50;;;25070;742990.50;1026760.44;2013-12-01T00:00:00
17244455;538647;Postøižín;;;;;126209;Postøižín;418544;Zahradní;è.p.;51;;;25070;743010.00;1026783.94;2013-12-01T00:00:00
17244463;538647;Postøižín;;;;;126209;Postøižín;418498;Vinohradská;è.p.;52;;;25070;743329.25;1026876.00;2013-12-01T00:00:00
17244471;538647;Postøižín;;;;;126209;Postøižín;418480;Dlouhá;è.p.;53;;;25070;743264.69;1026760.94;2013-12-01T00:00:00
17244480;538647;Postøižín;;;;;126209;Postøižín;418510;Teplická;è.p.;54;;;25070;743220.88;1026444.56;2013-12-01T00:00:00
17244501;538647;Postøižín;;;;;126209;Postøižín;418528;U Høištì;è.p.;56;;;25070;743299.63;1026755.88;2013-12-01T00:00:00
17244510;538647;Postøižín;;;;;126209;Postøižín;418528;U Høištì;è.p.;57;;;25070;743307.63;1026720.63;2013-12-01T00:00:00
17244528;538647;Postøižín;;;;;126209;Postøižín;418480;Dlouhá;è.p.;58;;;25070;743300.44;1026783.94;2013-12-01T00:00:00
17244536;538647;Postøižín;;;;;126209;Postøižín;418528;U Høištì;è.p.;59;;;25070;743288.13;1026706.69;2013-12-01T00:00:00
17244544;538647;Postøižín;;;;;126209;Postøižín;418480;Dlouhá;è.p.;60;;;25070;743331.69;1026744.38;2013-12-01T00:00:00
17244552;538647;Postøižín;;;;;126209;Postøižín;418480;Dlouhá;è.p.;61;;;25070;743326.31;1026764.44;2013-12-01T00:00:00
17244561;538647;Postøižín;;;;;126209;Postøižín;418528;U Høištì;è.p.;62;;;25070;743283.13;1026737.06;2013-12-01T00:00:00
17244579;538647;Postøižín;;;;;126209;Postøižín;418528;U Høištì;è.p.;63;;;25070;743282.56;1026721.69;2013-12-01T00:00:00
17244587;538647;Postøižín;;;;;126209;Postøižín;418552;Máslovická;è.p.;64;;;25070;743333.00;1026726.44;2013-12-01T00:00:00
17244595;538647;Postøižín;;;;;126209;Postøižín;418528;U Høištì;è.p.;65;;;25070;743286.81;1026693.38;2013-12-01T00:00:00
17244609;538647;Postøižín;;;;;126209;Postøižín;418480;Dlouhá;è.p.;66;;;25070;743379.19;1026813.25;2013-12-01T00:00:00
17244617;538647;Postøižín;;;;;126209;Postøižín;418498;Vinohradská;è.p.;67;;;25070;743350.06;1026799.44;2013-12-01T00:00:00
17244625;538647;Postøižín;;;;;126209;Postøižín;418480;Dlouhá;è.p.;68;;;25070;743360.19;1026804.31;2013-12-01T00:00:00
17244633;538647;Postøižín;;;;;126209;Postøižín;418498;Vinohradská;è.p.;69;;;25070;743321.81;1026820.75;2013-12-01T00:00:00
17244641;538647;Postøižín;;;;;126209;Postøižín;418471;V Zátiší;è.p.;70;;;25070;743399.25;1026861.31;2013-12-01T00:00:00
17244650;538647;Postøižín;;;;;126209;Postøižín;418552;Máslovická;è.p.;71;;;25070;743446.35;1026887.47;2013-12-01T00:00:00
17244668;538647;Postøižín;;;;;126209;Postøižín;418471;V Zátiší;è.p.;72;;;25070;743385.06;1026839.69;2013-12-01T00:00:00
17244676;538647;Postøižín;;;;;126209;Postøižín;418471;V Zátiší;è.p.;73;;;25070;743408.00;1026825.00;2013-12-01T00:00:00
17244684;538647;Postøižín;;;;;126209;Postøižín;418471;V Zátiší;è.p.;74;;;25070;743379.75;1026862.69;2013-12-01T00:00:00
17244692;538647;Postøižín;;;;;126209;Postøižín;418552;Máslovická;è.p.;75;;;25070;743353.00;1026709.00;2013-12-01T00:00:00
17244706;538647;Postøižín;;;;;126209;Postøižín;418552;Máslovická;è.p.;76;;;25070;743407.25;1026758.00;2013-12-01T00:00:00
17244714;538647;Postøižín;;;;;126209;Postøižín;418480;Dlouhá;è.p.;77;;;25070;743260.88;1026786.19;2013-12-01T00:00:00
17244722;538647;Postøižín;;;;;126209;Postøižín;418552;Máslovická;è.p.;78;;;25070;743372.00;1026755.06;2013-12-01T00:00:00
17244731;538647;Postøižín;;;;;126209;Postøižín;418552;Máslovická;è.p.;79;;;25070;743389.09;1026775.38;2013-12-01T00:00:00
17244749;538647;Postøižín;;;;;126209;Postøižín;418561;Pražská;è.p.;80;;;25070;743118.13;1026599.19;2013-12-01T00:00:00
17244757;538647;Postøižín;;;;;126209;Postøižín;418544;Zahradní;è.p.;81;;;25070;742990.75;1026808.75;2013-12-01T00:00:00
17244765;538647;Postøižín;;;;;126209;Postøižín;418595;Úžická;è.p.;82;;;25070;743206.75;1026407.50;2013-12-01T00:00:00
17244773;538647;Postøižín;;;;;126209;Postøižín;418480;Dlouhá;è.p.;83;;;25070;743355.19;1026775.63;2013-12-01T00:00:00
17244781;538647;Postøižín;;;;;126209;Postøižín;418552;Máslovická;è.p.;84;;;25070;743364.00;1026749.75;2013-12-01T00:00:00
17244790;538647;Postøižín;;;;;126209;Postøižín;418510;Teplická;è.p.;85;;;25070;743139.89;1026497.89;2013-12-01T00:00:00
17244803;538647;Postøižín;;;;;126209;Postøižín;418595;Úžická;è.p.;86;;;25070;743154.13;1026479.81;2013-12-01T00:00:00
17244811;538647;Postøižín;;;;;126209;Postøižín;418552;Máslovická;è.p.;87;;;25070;743279.63;1026664.06;2013-12-01T00:00:00
17244820;538647;Postøižín;;;;;126209;Postøižín;418544;Zahradní;è.p.;88;;;25070;743005.94;1026796.88;2013-12-01T00:00:00
17244838;538647;Postøižín;;;;;126209;Postøižín;418609;Nová;è.p.;89;;;25070;743080.19;1026438.69;2013-12-01T00:00:00
17244846;538647;Postøižín;;;;;126209;Postøižín;814431;Polní;è.p.;90;;;25070;742951.82;1026777.05;2013-12-01T00:00:00
17244854;538647;Postøižín;;;;;126209;Postøižín;418609;Nová;è.p.;91;;;25070;743147.75;1026416.31;2013-12-01T00:00:00
17244862;538647;Postøižín;;;;;126209;Postøižín;418595;Úžická;è.p.;92;;;25070;743172.56;1026406.13;2013-12-01T00:00:00
17244871;538647;Postøižín;;;;;126209;Postøižín;418561;Pražská;è.p.;93;;;25070;743130.00;1026648.00;2013-12-01T00:00:00
17244889;538647;Postøižín;;;;;126209;Postøižín;418595;Úžická;è.p.;94;;;25070;743160.94;1026444.69;2013-12-01T00:00:00
17244897;538647;Postøižín;;;;;126209;Postøižín;418609;Nová;è.p.;95;;;25070;743116.50;1026451.81;2013-12-01T00:00:00
17244901;538647;Postøižín;;;;;126209;Postøižín;418471;V Zátiší;è.p.;96;;;25070;743363.44;1026908.88;2013-12-01T00:00:00
17244919;538647;Postøižín;;;;;126209;Postøižín;418510;Teplická;è.p.;97;;;25070;743115.19;1026508.13;2013-12-01T00:00:00
17244927;538647;Postøižín;;;;;126209;Postøižín;418480;Dlouhá;è.p.;98;;;25070;743138.00;1026824.00;2013-12-01T00:00:00
17244935;538647;Postøižín;;;;;126209;Postøižín;418498;Vinohradská;è.p.;99;;;25070;743323.81;1026899.56;2013-12-01T00:00:00
17244943;538647;Postøižín;;;;;126209;Postøižín;418471;V Zátiší;è.p.;100;;;25070;743354.13;1026941.13;2013-12-01T00:00:00
17244951;538647;Postøižín;;;;;126209;Postøižín;418498;Vinohradská;è.p.;101;;;25070;743303.17;1026871.12;2013-12-01T00:00:00
17244960;538647;Postøižín;;;;;126209;Postøižín;418471;V Zátiší;è.p.;102;;;25070;743395.25;1026889.63;2013-12-01T00:00:00
17244978;538647;Postøižín;;;;;126209;Postøižín;418552;Máslovická;è.p.;103;;;25070;743321.94;1026693.19;2013-12-01T00:00:00
17244986;538647;Postøižín;;;;;126209;Postøižín;418587;U Koupalištì;è.p.;104;;;25070;743053.19;1026511.81;2013-12-01T00:00:00
17244994;538647;Postøižín;;;;;126209;Postøižín;418587;U Koupalištì;è.p.;105;;;25070;743049.94;1026518.13;2013-12-01T00:00:00
17245001;538647;Postøižín;;;;;126209;Postøižín;418587;U Koupalištì;è.p.;106;;;25070;743045.00;1026524.00;2013-12-01T00:00:00
17245010;538647;Postøižín;;;;;126209;Postøižín;418587;U Koupalištì;è.p.;107;;;25070;743041.50;1026530.81;2013-12-01T00:00:00
17245028;538647;Postøižín;;;;;126209;Postøižín;418552;Máslovická;è.p.;108;;;25070;743349.56;1026740.19;2013-12-01T00:00:00
17245036;538647;Postøižín;;;;;126209;Postøižín;418609;Nová;è.p.;109;;;25070;743099.00;1026421.00;2013-12-01T00:00:00
17245044;538647;Postøižín;;;;;126209;Postøižín;418609;Nová;è.p.;111;;;25070;743119.44;1026406.69;2013-12-01T00:00:00
17245052;538647;Postøižín;;;;;126209;Postøižín;418510;Teplická;è.p.;112;;;25070;742963.13;1026678.38;2013-12-01T00:00:00
17245061;538647;Postøižín;;;;;126209;Postøižín;418595;Úžická;è.p.;113;;;25070;743217.00;1026382.00;2013-12-01T00:00:00
17245079;538647;Postøižín;;;;;126209;Postøižín;418501;Pøíèná;è.p.;114;;;25070;743250.00;1026897.00;2013-12-01T00:00:00
17245087;538647;Postøižín;;;;;126209;Postøižín;418510;Teplická;è.p.;115;;;25070;743245.67;1026427.71;2013-12-01T00:00:00
17245117;538647;Postøižín;;;;;126209;Postøižín;418552;Máslovická;è.ev.;103;;;25070;743306.97;1026685.28;2013-12-01T00:00:00
26361787;538647;Postøižín;;;;;126209;Postøižín;743038;Lesní;è.p.;120;;;25070;743066.75;1026882.29;2013-12-01T00:00:00
26361795;538647;Postøižín;;;;;126209;Postøižín;743038;Lesní;è.p.;123;;;25070;743072.49;1026946.17;2013-12-01T00:00:00
26361809;538647;Postøižín;;;;;126209;Postøižín;743038;Lesní;è.p.;125;;;25070;743077.00;1026984.00;2013-12-01T00:00:00
26361817;538647;Postøižín;;;;;126209;Postøižín;762491;Pod Špièákem;è.p.;126;;;25070;743068.90;1027023.92;2013-12-01T00:00:00
26361825;538647;Postøižín;;;;;126209;Postøižín;762491;Pod Špièákem;è.p.;130;;;25070;743123.00;1027014.00;2013-12-01T00:00:00
26361833;538647;Postøižín;;;;;126209;Postøižín;740306;U Potoka;è.p.;131;;;25070;743140.00;1026982.00;2013-12-01T00:00:00
26367700;538647;Postøižín;;;;;126209;Postøižín;740306;U Potoka;è.p.;133;;;25070;743138.00;1026947.00;2013-12-01T00:00:00
26367718;538647;Postøižín;;;;;126209;Postøižín;743038;Lesní;è.p.;140;;;25070;743083.00;1026888.00;2013-12-01T00:00:00
26367726;538647;Postøižín;;;;;126209;Postøižín;743038;Lesní;è.p.;141;;;25070;743101.00;1026911.00;2013-12-01T00:00:00
26367734;538647;Postøižín;;;;;126209;Postøižín;743038;Lesní;è.p.;142;;;25070;743092.19;1026921.13;2014-02-28T00:00:00
26367742;538647;Postøižín;;;;;126209;Postøižín;743038;Lesní;è.p.;143;;;25070;743102.00;1026925.00;2013-12-01T00:00:00
26367751;538647;Postøižín;;;;;126209;Postøižín;743038;Lesní;è.p.;144;;;25070;743086.00;1026912.00;2013-12-01T00:00:00
26367769;538647;Postøižín;;;;;126209;Postøižín;743038;Lesní;è.p.;145;;;25070;743104.00;1026936.00;2013-12-01T00:00:00
26367777;538647;Postøižín;;;;;126209;Postøižín;743038;Lesní;è.p.;149;;;25070;743105.00;1026960.00;2013-12-01T00:00:00
26501384;538647;Postøižín;;;;;126209;Postøižín;743038;Lesní;è.p.;147;;;25070;743105.00;1026947.00;2013-12-01T00:00:00
26514010;538647;Postøižín;;;;;126209;Postøižín;743038;Lesní;è.p.;146;;;25070;743104.00;1026942.00;2013-12-01T00:00:00
26518503;538647;Postøižín;;;;;126209;Postøižín;762482;Na Skále;è.p.;190;;;25070;743393.27;1026957.50;2013-12-01T00:00:00
26521229;538647;Postøižín;;;;;126209;Postøižín;743038;Lesní;è.p.;151;;;25070;743105.00;1026973.00;2013-12-01T00:00:00
26521521;538647;Postøižín;;;;;126209;Postøižín;762491;Pod Špièákem;è.p.;129;;;25070;743097.12;1027017.22;2013-12-01T00:00:00
26529220;538647;Postøižín;;;;;126209;Postøižín;743038;Lesní;è.p.;154;;;25070;743109.00;1026993.00;2013-12-01T00:00:00
26529459;538647;Postøižín;;;;;126209;Postøižín;762491;Pod Špièákem;è.p.;128;;;25070;743047.51;1027000.35;2013-12-01T00:00:00
26529645;538647;Postøižín;;;;;126209;Postøižín;743038;Lesní;è.p.;148;;;25070;743105.00;1026952.00;2013-12-01T00:00:00
26532531;538647;Postøižín;;;;;126209;Postøižín;743038;Lesní;è.p.;152;;;25070;743105.00;1026978.00;2013-12-01T00:00:00
26568136;538647;Postøižín;;;;;126209;Postøižín;743038;Lesní;è.p.;150;;;25070;743105.00;1026966.00;2013-12-01T00:00:00
26576112;538647;Postøižín;;;;;126209;Postøižín;762482;Na Skále;è.p.;191;;;25070;743424.36;1026965.40;2013-12-01T00:00:00
26609380;538647;Postøižín;;;;;126209;Postøižín;743038;Lesní;è.p.;122;;;25070;743072.01;1026928.94;2013-12-01T00:00:00
27040682;538647;Postøižín;;;;;126209;Postøižín;762491;Pod Špièákem;è.p.;127;;;25070;743045.94;1027024.40;2013-12-01T00:00:00
27040691;538647;Postøižín;;;;;126209;Postøižín;762474;Krajní;è.p.;137;;;25070;743111.09;1026880.16;2013-12-01T00:00:00
27040704;538647;Postøižín;;;;;126209;Postøižín;743038;Lesní;è.p.;139;;;25070;743100.00;1026903.00;2013-12-01T00:00:00
27040712;538647;Postøižín;;;;;126209;Postøižín;;;è.p.;501;;;25070;742408.59;1027402.25;2014-03-20T00:00:00
27252922;538647;Postøižín;;;;;126209;Postøižín;418552;Máslovická;è.p.;194;;;25070;743468.61;1026977.84;2013-12-01T00:00:00
27257894;538647;Postøižín;;;;;126209;Postøižín;418552;Máslovická;è.p.;195;;;25070;743469.09;1026963.48;2013-12-01T00:00:00
27319547;538647;Postøižín;;;;;126209;Postøižín;740306;U Potoka;è.p.;132;;;25070;743135.63;1026969.14;2013-12-01T00:00:00
27506193;538647;Postøižín;;;;;126209;Postøižín;762482;Na Skále;è.p.;193;;;25070;743442.82;1026964.46;2013-12-01T00:00:00
27537196;538647;Postøižín;;;;;126209;Postøižín;791679;Lipová;è.p.;244;;;25070;742930.48;1026997.74;2013-12-01T00:00:00
27564011;538647;Postøižín;;;;;126209;Postøižín;791709;Šípková;è.p.;267;;;25070;742990.22;1027000.78;2013-12-01T00:00:00
27564070;538647;Postøižín;;;;;126209;Postøižín;791717;Trnková;è.p.;230;;;25070;742952.62;1026953.10;2013-12-01T00:00:00
27564088;538647;Postøižín;;;;;126209;Postøižín;762482;Na Skále;è.p.;197;;;25070;743456.86;1026934.71;2013-12-01T00:00:00
27564096;538647;Postøižín;;;;;126209;Postøižín;791709;Šípková;è.p.;269;;;25070;742982.00;1027031.00;2013-12-01T00:00:00
27585905;538647;Postøižín;;;;;126209;Postøižín;791687;Modøínová;è.p.;309;;;25070;742912.00;1027057.00;2013-12-01T00:00:00
27585913;538647;Postøižín;;;;;126209;Postøižín;791717;Trnková;è.p.;234;;;25070;742929.12;1026931.50;2013-12-01T00:00:00
27585921;538647;Postøižín;;;;;126209;Postøižín;791695;Pod Topolákem;è.p.;296;;;25070;742813.40;1026970.96;2013-12-01T00:00:00
27585930;538647;Postøižín;;;;;126209;Postøižín;791687;Modøínová;è.p.;307;;;25070;742872.07;1027043.59;2013-12-01T00:00:00
27585948;538647;Postøižín;;;;;126209;Postøižín;791709;Šípková;è.p.;274;;;25070;742957.82;1027113.14;2013-12-01T00:00:00
27592626;538647;Postøižín;;;;;126209;Postøižín;791725;Višòovka;è.p.;315;;;25070;742836.91;1027081.63;2013-12-01T00:00:00
27604608;538647;Postøižín;;;;;126209;Postøižín;762482;Na Skále;è.p.;196;;;25070;743462.73;1026934.37;2013-12-01T00:00:00
27604616;538647;Postøižín;;;;;126209;Postøižín;791679;Lipová;è.p.;257;;;25070;742857.84;1026923.74;2013-12-01T00:00:00
27604624;538647;Postøižín;;;;;126209;Postøižín;791679;Lipová;è.p.;256;;;25070;742862.38;1026929.96;2013-12-01T00:00:00
27604632;538647;Postøižín;;;;;126209;Postøižín;791679;Lipová;è.p.;255;;;25070;742865.85;1026936.18;2013-12-01T00:00:00
27604641;538647;Postøižín;;;;;126209;Postøižín;791679;Lipová;è.p.;254;;;25070;742870.99;1026940.61;2013-12-01T00:00:00
27604659;538647;Postøižín;;;;;126209;Postøižín;791679;Lipová;è.p.;253;;;25070;742875.53;1026945.27;2013-12-01T00:00:00
27604667;538647;Postøižín;;;;;126209;Postøižín;791679;Lipová;è.p.;252;;;25070;742881.15;1026950.30;2013-12-01T00:00:00
27620549;538647;Postøižín;;;;;126209;Postøižín;791725;Višòovka;è.p.;313;;;25070;742883.04;1027096.11;2013-12-01T00:00:00
27628264;538647;Postøižín;;;;;126209;Postøižín;791695;Pod Topolákem;è.p.;286;;;25070;742807.53;1026938.59;2013-12-01T00:00:00
27628272;538647;Postøižín;;;;;126209;Postøižín;791695;Pod Topolákem;è.p.;285;;;25070;742812.24;1026933.02;2013-12-01T00:00:00
27634272;538647;Postøižín;;;;;126209;Postøižín;791695;Pod Topolákem;è.p.;294;;;25070;742744.96;1026996.40;2013-12-01T00:00:00
27634281;538647;Postøižín;;;;;126209;Postøižín;791695;Pod Topolákem;è.p.;281;;;25070;742842.65;1026905.64;2013-12-01T00:00:00
27634299;538647;Postøižín;;;;;126209;Postøižín;791725;Višòovka;è.p.;317;;;25070;742792.19;1027069.43;2013-12-01T00:00:00
27639487;538647;Postøižín;;;;;126209;Postøižín;791709;Šípková;è.p.;266;;;25070;742991.64;1026992.37;2013-12-01T00:00:00
27651231;538647;Postøižín;;;;;126209;Postøižín;791687;Modøínová;è.p.;302;;;25070;742848.67;1027006.26;2013-12-01T00:00:00
27670678;538647;Postøižín;;;;;126209;Postøižín;791679;Lipová;è.p.;245;;;25070;742924.86;1026994.51;2013-12-01T00:00:00
27681653;538647;Postøižín;;;;;126209;Postøižín;791717;Trnková;è.p.;238;;;25070;742904.58;1026905.71;2013-12-01T00:00:00
27687635;538647;Postøižín;;;;;126209;Postøižín;791679;Lipová;è.p.;246;;;25070;742919.00;1026989.13;2013-12-01T00:00:00
27687686;538647;Postøižín;;;;;126209;Postøižín;791687;Modøínová;è.p.;300;;;25070;742896.95;1027021.61;2013-12-01T00:00:00
27695735;538647;Postøižín;;;;;126209;Postøižín;791709;Šípková;è.p.;272;;;25070;742965.70;1027081.53;2013-12-01T00:00:00
27695743;538647;Postøižín;;;;;126209;Postøižín;791695;Pod Topolákem;è.p.;293;;;25070;742749.89;1026991.46;2013-12-01T00:00:00
27723381;538647;Postøižín;;;;;126209;Postøižín;791679;Lipová;è.p.;260;;;25070;742867.22;1026979.09;2013-12-01T00:00:00
27730620;538647;Postøižín;;;;;126209;Postøižín;791695;Pod Topolákem;è.p.;298;;;25070;742771.03;1027011.63;2013-12-01T00:00:00
27737471;538647;Postøižín;;;;;126209;Postøižín;762474;Krajní;è.p.;178;;;25070;743432.98;1027024.49;2013-12-01T00:00:00
27737489;538647;Postøižín;;;;;126209;Postøižín;791725;Višòovka;è.p.;314;;;25070;742860.57;1027090.94;2013-12-01T00:00:00
27737497;538647;Postøižín;;;;;126209;Postøižín;762474;Krajní;è.p.;170;;;25070;743335.08;1026994.86;2013-12-01T00:00:00
27742709;538647;Postøižín;;;;;126209;Postøižín;762474;Krajní;è.p.;158;;;25070;743187.18;1026949.55;2013-12-01T00:00:00
27742717;538647;Postøižín;;;;;126209;Postøižín;762474;Krajní;è.p.;156;;;25070;743175.08;1026945.22;2013-12-01T00:00:00
27759008;538647;Postøižín;;;;;126209;Postøižín;791725;Višòovka;è.p.;318;;;25070;742774.97;1027062.97;2013-12-01T00:00:00
27768392;538647;Postøižín;;;;;126209;Postøižín;791717;Trnková;è.p.;218;;;25070;742962.90;1026920.46;2013-12-01T00:00:00
27774104;538647;Postøižín;;;;;126209;Postøižín;791687;Modøínová;è.p.;310;;;25070;742944.89;1027066.13;2014-02-28T00:00:00
27788512;538647;Postøižín;;;;;126209;Postøižín;791717;Trnková;è.p.;240;;;25070;742894.19;1026898.27;2013-12-01T00:00:00
27792030;538647;Postøižín;;;;;126209;Postøižín;762474;Krajní;è.p.;157;;;25070;743181.77;1026947.26;2013-12-01T00:00:00
27792048;538647;Postøižín;;;;;126209;Postøižín;791717;Trnková;è.p.;232;;;25070;742938.57;1026941.43;2013-12-01T00:00:00
27796281;538647;Postøižín;;;;;126209;Postøižín;791687;Modøínová;è.p.;308;;;25070;742892.53;1027044.42;2013-12-01T00:00:00
27796299;538647;Postøižín;;;;;126209;Postøižín;762474;Krajní;è.p.;155;;;25070;743187.75;1026912.70;2013-12-01T00:00:00
27801128;538647;Postøižín;;;;;126209;Postøižín;791717;Trnková;è.p.;227;;;25070;742970.95;1026968.41;2014-02-27T00:00:00
27801136;538647;Postøižín;;;;;126209;Postøižín;791687;Modøínová;è.p.;306;;;25070;742848.63;1027035.69;2013-12-01T00:00:00
27825612;538647;Postøižín;;;;;126209;Postøižín;791687;Modøínová;è.p.;305;;;25070;742821.61;1027029.23;2013-12-01T00:00:00
27839532;538647;Postøižín;;;;;126209;Postøižín;762474;Krajní;è.p.;160;;;25070;743203.25;1026952.52;2013-12-01T00:00:00
27839613;538647;Postøižín;;;;;126209;Postøižín;791709;Šípková;è.p.;264;;;25070;743004.32;1026966.05;2013-12-01T00:00:00
27839621;538647;Postøižín;;;;;126209;Postøižín;791709;Šípková;è.p.;265;;;25070;743001.63;1026972.59;2013-12-01T00:00:00
27849988;538647;Postøižín;;;;;126209;Postøižín;791695;Pod Topolákem;è.p.;289;;;25070;742781.76;1026960.83;2013-12-01T00:00:00
27849996;538647;Postøižín;;;;;126209;Postøižín;791709;Šípková;è.p.;275;;;25070;742956.02;1027119.78;2013-12-01T00:00:00
27850081;538647;Postøižín;;;;;126209;Postøižín;791695;Pod Topolákem;è.p.;276;;;25070;742881.69;1026867.52;2013-12-01T00:00:00
27861767;538647;Postøižín;;;;;126209;Postøižín;791687;Modøínová;è.p.;304;;;25070;742795.30;1027021.58;2013-12-01T00:00:00
27861775;538647;Postøižín;;;;;126209;Postøižín;762474;Krajní;è.p.;173;;;25070;743367.13;1026976.97;2013-12-01T00:00:00
27861783;538647;Postøižín;;;;;126209;Postøižín;791687;Modøínová;è.p.;303;;;25070;742826.50;1026997.81;2013-12-01T00:00:00
27873111;538647;Postøižín;;;;;126209;Postøižín;762474;Krajní;è.p.;159;;;25070;743198.82;1026925.17;2013-12-01T00:00:00
27873129;538647;Postøižín;;;;;126209;Postøižín;791717;Trnková;è.p.;226;;;25070;742971.88;1026975.73;2013-12-01T00:00:00
27873358;538647;Postøižín;;;;;126209;Postøižín;791695;Pod Topolákem;è.p.;282;;;25070;742837.10;1026909.85;2013-12-01T00:00:00
27926036;538647;Postøižín;;;;;126209;Postøižín;762474;Krajní;è.p.;175;;;25070;743388.00;1026984.00;2013-12-01T00:00:00
27932451;538647;Postøižín;;;;;126209;Postøižín;762482;Na Skále;è.p.;117;;;25070;743432.24;1026913.49;2013-12-01T00:00:00
27932460;538647;Postøižín;;;;;126209;Postøižín;762474;Krajní;è.p.;177;;;25070;743405.23;1026991.24;2013-12-01T00:00:00
27939758;538647;Postøižín;;;;;126209;Postøižín;806421;Pod Vinicí;è.p.;210;;;25070;743608.29;1027042.44;2013-12-01T00:00:00
27939766;538647;Postøižín;;;;;126209;Postøižín;762474;Krajní;è.p.;179;;;25070;743425.32;1026996.98;2013-12-01T00:00:00
27939774;538647;Postøižín;;;;;126209;Postøižín;806421;Pod Vinicí;è.p.;203;;;25070;743570.42;1027007.58;2013-12-01T00:00:00
27939782;538647;Postøižín;;;;;126209;Postøižín;806421;Pod Vinicí;è.p.;212;;;25070;743564.00;1027032.00;2013-12-01T00:00:00
27944204;538647;Postøižín;;;;;126209;Postøižín;806439;U Èistièky;è.p.;502;;;25070;743412.98;1026277.64;2013-12-01T00:00:00
27982629;538647;Postøižín;;;;;126209;Postøižín;743038;Lesní;è.p.;153;;;25070;743100.69;1026989.80;2014-02-28T00:00:00
27990311;538647;Postøižín;;;;;126209;Postøižín;762474;Krajní;è.p.;168;;;25070;743304.00;1026983.00;2013-12-01T00:00:00
27997006;538647;Postøižín;;;;;126209;Postøižín;762474;Krajní;è.p.;166;;;25070;743281.00;1026978.00;2013-12-01T00:00:00
28024389;538647;Postøižín;;;;;126209;Postøižín;791679;Lipová;è.p.;250;;;25070;742896.00;1026965.00;2013-12-01T00:00:00
28024427;538647;Postøižín;;;;;126209;Postøižín;809560;Prostøední;è.p.;396;;;25070;743345.00;1026374.00;2013-12-01T00:00:00
28024435;538647;Postøižín;;;;;126209;Postøižín;809578;Sluneèní;è.p.;402;;;25070;743286.00;1026447.00;2013-12-01T00:00:00
28024443;538647;Postøižín;;;;;126209;Postøižín;809578;Sluneèní;è.p.;401;;;25070;743294.00;1026437.00;2013-12-01T00:00:00
28024451;538647;Postøižín;;;;;126209;Postøižín;809578;Sluneèní;è.p.;398;;;25070;743316.00;1026404.00;2013-12-01T00:00:00
28024460;538647;Postøižín;;;;;126209;Postøižín;809578;Sluneèní;è.p.;407;;;25070;743342.00;1026429.00;2013-12-01T00:00:00
28024478;538647;Postøižín;;;;;126209;Postøižín;809578;Sluneèní;è.p.;405;;;25070;743317.00;1026459.00;2013-12-01T00:00:00
28024486;538647;Postøižín;;;;;126209;Postøižín;809551;Duhová;è.p.;392;;;25070;743362.22;1026298.82;2014-02-28T00:00:00
28024494;538647;Postøižín;;;;;126209;Postøižín;809551;Duhová;è.p.;391;;;25070;743357.00;1026316.00;2013-12-01T00:00:00
28024508;538647;Postøižín;;;;;126209;Postøižín;809578;Sluneèní;è.p.;404;;;25070;743271.00;1026469.00;2013-12-01T00:00:00
28024516;538647;Postøižín;;;;;126209;Postøižín;809578;Sluneèní;è.p.;403;;;25070;743279.00;1026458.00;2013-12-01T00:00:00
28024524;538647;Postøižín;;;;;126209;Postøižín;809551;Duhová;è.p.;387;;;25070;743313.08;1026367.55;2014-02-28T00:00:00
28024532;538647;Postøižín;;;;;126209;Postøižín;809551;Duhová;è.p.;389;;;25070;743342.00;1026337.00;2013-12-01T00:00:00
28024541;538647;Postøižín;;;;;126209;Postøižín;809578;Sluneèní;è.p.;394;;;25070;743372.00;1026337.00;2013-12-01T00:00:00
28024559;538647;Postøižín;;;;;126209;Postøižín;809578;Sluneèní;è.p.;397;;;25070;743330.00;1026388.00;2013-12-01T00:00:00
28024567;538647;Postøižín;;;;;126209;Postøižín;809578;Sluneèní;è.p.;395;;;25070;743360.00;1026348.00;2013-12-01T00:00:00
28024575;538647;Postøižín;;;;;126209;Postøižín;806421;Pod Vinicí;è.p.;209;;;25070;743636.00;1027045.00;2013-12-01T00:00:00
28024583;538647;Postøižín;;;;;126209;Postøižín;806421;Pod Vinicí;è.p.;208;;;25070;743666.00;1027050.00;2013-12-01T00:00:00
28024591;538647;Postøižín;;;;;126209;Postøižín;806421;Pod Vinicí;è.p.;214;;;25070;743510.00;1027024.00;2013-12-01T00:00:00
28032179;538647;Postøižín;;;;;126209;Postøižín;762474;Krajní;è.p.;163;;;25070;743238.00;1026939.00;2013-12-01T00:00:00
28032250;538647;Postøižín;;;;;126209;Postøižín;791695;Pod Topolákem;è.p.;297;;;25070;742795.91;1026984.71;2013-12-01T00:00:00
28039696;538647;Postøižín;;;;;126209;Postøižín;791717;Trnková;è.p.;236;;;25070;742916.00;1026916.00;2013-12-01T00:00:00
28046340;538647;Postøižín;;;;;126209;Postøižín;762474;Krajní;è.p.;180;;;25070;743461.99;1027033.95;2013-12-01T00:00:00
28064755;538647;Postøižín;;;;;126209;Postøižín;791695;Pod Topolákem;è.p.;290;;;25070;742777.00;1026966.00;2013-12-01T00:00:00
28064763;538647;Postøižín;;;;;126209;Postøižín;762474;Krajní;è.p.;165;;;25070;743257.00;1026944.00;2013-12-01T00:00:00
28076656;538647;Postøižín;;;;;126209;Postøižín;806421;Pod Vinicí;è.p.;206;;;25070;743646.00;1027020.00;2013-12-01T00:00:00
28076664;538647;Postøižín;;;;;126209;Postøižín;418498;Vinohradská;è.p.;169;;;25070;743310.90;1026949.10;2013-12-01T00:00:00
28076745;538647;Postøižín;;;;;126209;Postøižín;762474;Krajní;è.p.;164;;;25070;743257.00;1026970.00;2013-12-01T00:00:00
28080645;538647;Postøižín;;;;;126209;Postøižín;791679;Lipová;è.p.;242;;;25070;742944.00;1027004.00;2013-12-01T00:00:00
28080653;538647;Postøižín;;;;;126209;Postøižín;791717;Trnková;è.p.;222;;;25070;742940.00;1026896.00;2013-12-01T00:00:00
28090233;538647;Postøižín;;;;;126209;Postøižín;762474;Krajní;è.p.;167;;;25070;743280.00;1026951.00;2013-12-01T00:00:00
28105036;538647;Postøižín;;;;;126209;Postøižín;806421;Pod Vinicí;è.p.;202;;;25070;743542.00;1027003.00;2013-12-01T00:00:00
28105044;538647;Postøižín;;;;;126209;Postøižín;809551;Duhová;è.p.;386;;;25070;743309.00;1026381.00;2013-12-01T00:00:00
28105052;538647;Postøižín;;;;;126209;Postøižín;809578;Sluneèní;è.p.;393;;;25070;743385.00;1026313.61;2014-02-27T00:00:00
28117280;538647;Postøižín;;;;;126209;Postøižín;791695;Pod Topolákem;è.p.;277;;;25070;742877.00;1026872.00;2013-12-01T00:00:00
28121929;538647;Postøižín;;;;;126209;Postøižín;812323;Prùmyslová;è.p.;500;;;25070;743175.38;1025238.02;2013-12-01T00:00:00
28129652;538647;Postøižín;;;;;126209;Postøižín;791717;Trnková;è.p.;225;;;25070;742917.00;1026878.00;2013-12-01T00:00:00
28129661;538647;Postøižín;;;;;126209;Postøižín;791695;Pod Topolákem;è.p.;323;;;25070;742905.53;1026843.99;2013-12-01T00:00:00
28129695;538647;Postøižín;;;;;126209;Postøižín;791717;Trnková;è.p.;237;;;25070;742911.00;1026912.00;2013-12-01T00:00:00
28150597;538647;Postøižín;;;;;126209;Postøižín;418609;Nová;è.p.;116;;;25070;743165.00;1026412.00;2013-12-01T00:00:00
28163591;538647;Postøižín;;;;;126209;Postøižín;418471;V Zátiší;è.p.;118;;;25070;743387.00;1026922.00;2013-12-01T00:00:00
28174593;538647;Postøižín;;;;;126209;Postøižín;806421;Pod Vinicí;è.p.;205;;;25070;743626.28;1027016.35;2014-02-28T00:00:00
28174607;538647;Postøižín;;;;;126209;Postøižín;762474;Krajní;è.p.;182;;;25070;743468.96;1026999.84;2014-02-28T00:00:00
28188276;538647;Postøižín;;;;;126209;Postøižín;791679;Lipová;è.p.;243;;;25070;742938.98;1027000.94;2014-02-28T00:00:00
28216903;538647;Postøižín;;;;;126209;Postøižín;791695;Pod Topolákem;è.p.;284;;;25070;742822.00;1026925.00;2013-12-01T00:00:00
28217080;538647;Postøižín;;;;;126209;Postøižín;806421;Pod Vinicí;è.p.;201;;;25070;743527.62;1027028.23;2013-12-01T00:00:00
28217098;538647;Postøižín;;;;;126209;Postøižín;;;è.p.;119;;;25070;;;2011-07-01T00:00:00
28222300;538647;Postøižín;;;;;126209;Postøižín;814431;Polní;è.p.;331;;;25070;742945.08;1026855.55;2014-02-27T00:00:00
28241088;538647;Postøižín;;;;;126209;Postøižín;791717;Trnková;è.p.;224;;;25070;742921.24;1026882.80;2013-12-01T00:00:00
28241096;538647;Postøižín;;;;;126209;Postøižín;791725;Višòovka;è.p.;312;;;25070;742906.61;1027104.41;2013-12-01T00:00:00
28241100;538647;Postøižín;;;;;126209;Postøižín;791695;Pod Topolákem;è.p.;295;;;25070;742739.61;1027001.13;2013-12-01T00:00:00
28258827;538647;Postøižín;;;;;126209;Postøižín;791695;Pod Topolákem;è.p.;322;;;25070;742900.50;1026848.67;2013-12-01T00:00:00
28264924;538647;Postøižín;;;;;126209;Postøižín;791695;Pod Topolákem;è.p.;320;;;25070;742890.52;1026857.76;2013-12-01T00:00:00
28264932;538647;Postøižín;;;;;126209;Postøižín;791695;Pod Topolákem;è.p.;321;;;25070;742895.20;1026852.82;2013-12-01T00:00:00
28275845;538647;Postøižín;;;;;126209;Postøižín;809551;Duhová;è.p.;388;;;25070;743324.73;1026361.66;2013-12-01T00:00:00
28282477;538647;Postøižín;;;;;126209;Postøižín;806421;Pod Vinicí;è.p.;211;;;25070;743584.14;1027036.76;2013-12-01T00:00:00
28301111;538647;Postøižín;;;;;126209;Postøižín;762474;Krajní;è.p.;171;;;25070;743344.66;1026969.92;2013-12-01T00:00:00
28301129;538647;Postøižín;;;;;126209;Postøižín;791725;Višòovka;è.p.;311;;;25070;742927.66;1027109.26;2013-12-01T00:00:00
28311124;538647;Postøižín;;;;;126209;Postøižín;791679;Lipová;è.p.;261;;;25070;742880.62;1026993.42;2013-12-01T00:00:00
28311132;538647;Postøižín;;;;;126209;Postøižín;791695;Pod Topolákem;è.p.;279;;;25070;742858.53;1026888.87;2013-12-01T00:00:00
28319133;538647;Postøižín;;;;;126209;Postøižín;791695;Pod Topolákem;è.p.;327;;;25070;742925.05;1026825.44;2013-12-01T00:00:00
28334728;538647;Postøižín;;;;;126209;Postøižín;791717;Trnková;è.p.;215;;;25070;742978.19;1026934.58;2013-12-01T00:00:00
28334761;538647;Postøižín;;;;;126209;Postøižín;791725;Višòovka;è.p.;316;;;25070;742819.63;1027078.44;2013-12-01T00:00:00
28334825;538647;Postøižín;;;;;126209;Postøižín;791695;Pod Topolákem;è.p.;278;;;25070;742863.44;1026884.15;2013-12-01T00:00:00
28340311;538647;Postøižín;;;;;126209;Postøižín;762474;Krajní;è.p.;138;;;25070;743091.68;1026879.12;2013-12-01T00:00:00
28345827;538647;Postøižín;;;;;126209;Postøižín;791679;Lipová;è.p.;247;;;25070;742907.86;1026983.48;2014-02-28T00:00:00
28351053;538647;Postøižín;;;;;126209;Postøižín;791717;Trnková;è.p.;220;;;25070;742946.20;1026907.18;2014-02-27T00:00:00
28351151;538647;Postøižín;;;;;126209;Postøižín;791709;Šípková;è.p.;270;;;25070;742970.13;1027052.99;2014-02-27T00:00:00
28358651;538647;Postøižín;;;;;126209;Postøižín;791717;Trnková;è.p.;239;;;25070;742904.97;1026900.25;2014-02-27T00:00:00
28358741;538647;Postøižín;;;;;126209;Postøižín;418561;Pražská;è.p.;503;;;25070;743197.76;1026566.07;2013-12-01T00:00:00
28370481;538647;Postøižín;;;;;126209;Postøižín;791679;Lipová;è.p.;259;;;25070;742853.27;1026961.22;2014-02-28T00:00:00
28379781;538647;Postøižín;;;;;126209;Postøižín;743038;Lesní;è.p.;121;;;25070;743069.62;1026905.26;2013-12-01T00:00:00
28383770;538647;Postøižín;;;;;126209;Postøižín;743038;Lesní;è.p.;124;;;25070;743080.88;1026960.90;2014-02-28T00:00:00
28383788;538647;Postøižín;;;;;126209;Postøižín;740306;U Potoka;è.p.;134;;;25070;743136.35;1026926.55;2013-12-01T00:00:00
28383796;538647;Postøižín;;;;;126209;Postøižín;762482;Na Skále;è.p.;192;;;25070;743441.83;1026938.77;2013-12-01T00:00:00
28383800;538647;Postøižín;;;;;126209;Postøižín;791687;Modøínová;è.p.;299;;;25070;742949.00;1027036.00;2013-12-01T00:00:00
28388461;538647;Postøižín;;;;;126209;Postøižín;791709;Šípková;è.p.;271;;;25070;742968.05;1027059.12;2014-02-27T00:00:00
28388470;538647;Postøižín;;;;;126209;Postøižín;814431;Polní;è.p.;363;;;25070;742977.29;1026857.28;2014-02-27T00:00:00
28388496;538647;Postøižín;;;;;126209;Postøižín;762474;Krajní;è.p.;161;;;25070;743216.64;1026935.06;2014-02-28T00:00:00
28388500;538647;Postøižín;;;;;126209;Postøižín;806421;Pod Vinicí;è.p.;204;;;25070;743590.16;1027014.27;2014-02-28T00:00:00
28400941;538647;Postøižín;;;;;126209;Postøižín;791709;Šípková;è.p.;268;;;25070;742979.03;1027023.50;2014-02-27T00:00:00
28416414;538647;Postøižín;;;;;126209;Postøižín;791695;Pod Topolákem;è.p.;292;;;25070;742765.84;1026983.43;2014-03-20T00:00:00
28473302;538647;Postøižín;;;;;126209;Postøižín;791717;Trnková;è.p.;221;;;25070;742941.29;1026902.05;2014-02-27T00:00:00
28473361;538647;Postøižín;;;;;126209;Postøižín;791717;Trnková;è.p.;228;;;25070;742967.57;1026962.28;2014-02-27T00:00:00
30631670;538647;Postøižín;;;;;126209;Postøižín;2027551;Spojovací;è.p.;263;;;25070;743227.00;1024636.00;2017-03-21T00:00:00
30866502;538647;Postøižín;;;;;126209;Postøižín;2027551;Spojovací;è.p.;172;;;25070;743114.00;1024625.00;2017-03-21T00:00:00
30866511;538647;Postøižín;;;;;126209;Postøižín;2027551;Spojovací;è.p.;199;;;25070;743139.00;1024637.00;2017-03-21T00:00:00
30866529;538647;Postøižín;;;;;126209;Postøižín;2027551;Spojovací;è.p.;241;;;25070;743192.00;1024645.00;2017-03-21T00:00:00
31285112;538647;Postøižín;;;;;126209;Postøižín;791717;Trnková;è.p.;217;;;25070;742966.02;1026926.57;2014-02-27T00:00:00
31285121;538647;Postøižín;;;;;126209;Postøižín;791717;Trnková;è.p.;219;;;25070;742951.22;1026911.84;2013-12-01T00:00:00
31285139;538647;Postøižín;;;;;126209;Postøižín;791717;Trnková;è.p.;223;;;25070;;;2011-07-01T00:00:00
31285147;538647;Postøižín;;;;;126209;Postøižín;791717;Trnková;è.p.;229;;;25070;742962.74;1026957.42;2013-12-01T00:00:00
31285155;538647;Postøižín;;;;;126209;Postøižín;791717;Trnková;è.p.;231;;;25070;742948.05;1026942.77;2013-12-01T00:00:00
31285163;538647;Postøižín;;;;;126209;Postøižín;791717;Trnková;è.p.;233;;;25070;742938.75;1026933.75;2014-02-27T00:00:00
31285171;538647;Postøižín;;;;;126209;Postøižín;791717;Trnková;è.p.;235;;;25070;742928.98;1026924.05;2017-01-24T00:00:00
31285180;538647;Postøižín;;;;;126209;Postøižín;791679;Lipová;è.p.;248;;;25070;742903.54;1026978.98;2015-08-03T00:00:00
31285198;538647;Postøižín;;;;;126209;Postøižín;791679;Lipová;è.p.;249;;;25070;742898.30;1026973.94;2013-12-01T00:00:00
31285201;538647;Postøižín;;;;;126209;Postøižín;791679;Lipová;è.p.;258;;;25070;742838.42;1026947.32;2016-07-14T00:00:00
31285210;538647;Postøižín;;;;;126209;Postøižín;791679;Lipová;è.p.;262;;;25070;742921.31;1027031.31;2013-12-01T00:00:00
31285228;538647;Postøižín;;;;;126209;Postøižín;791709;Šípková;è.p.;273;;;25070;742959.46;1027087.33;2014-07-15T00:00:00
31285236;538647;Postøižín;;;;;126209;Postøižín;791695;Pod Topolákem;è.p.;280;;;25070;742857.60;1026896.55;2014-02-28T00:00:00
31285244;538647;Postøižín;;;;;126209;Postøižín;791695;Pod Topolákem;è.p.;283;;;25070;742830.67;1026922.03;2013-12-01T00:00:00
31285252;538647;Postøižín;;;;;126209;Postøižín;791695;Pod Topolákem;è.p.;287;;;25070;742800.35;1026950.68;2015-01-05T00:00:00
31285261;538647;Postøižín;;;;;126209;Postøižín;791695;Pod Topolákem;è.p.;288;;;25070;742795.89;1026954.90;2013-12-01T00:00:00
31285279;538647;Postøižín;;;;;126209;Postøižín;791695;Pod Topolákem;è.p.;291;;;25070;;;2011-07-01T00:00:00
31285287;538647;Postøižín;;;;;126209;Postøižín;791687;Modøínová;è.p.;301;;;25070;742871.96;1027016.66;2013-12-01T00:00:00
40103439;538647;Postøižín;;;;;126209;Postøižín;;;è.ev.;1;;;25070;743164.32;1024643.14;2014-02-28T00:00:00
40103447;538647;Postøižín;;;;;126209;Postøižín;;;è.ev.;10;;;25070;743012.92;1026562.12;2014-02-28T00:00:00
40401936;538647;Postøižín;;;;;126209;Postøižín;806421;Pod Vinicí;è.p.;200;;;25070;743510.88;1027001.72;2013-12-01T00:00:00
40435997;538647;Postøižín;;;;;126209;Postøižín;818763;Dláždìná;è.p.;344;;;25070;743292.30;1026563.09;2013-12-01T00:00:00
40476308;538647;Postøižín;;;;;126209;Postøižín;818763;Dláždìná;è.p.;355;;;25070;743273.83;1026553.60;2013-12-01T00:00:00
40535975;538647;Postøižín;;;;;126209;Postøižín;791695;Pod Topolákem;è.p.;328;;;25070;742935.12;1026823.53;2013-12-01T00:00:00
40544940;538647;Postøižín;;;;;126209;Postøižín;818771;K Moklinì;è.p.;337;;;25070;743262.43;1026499.17;2013-12-01T00:00:00
40575705;538647;Postøižín;;;;;126209;Postøižín;818771;K Moklinì;è.p.;343;;;25070;743295.45;1026535.94;2013-12-01T00:00:00
40577741;538647;Postøižín;;;;;126209;Postøižín;791679;Lipová;è.p.;251;;;25070;742888.30;1026962.72;2013-12-01T00:00:00
40589803;538647;Postøižín;;;;;126209;Postøižín;791709;Šípková;è.p.;334;;;25070;743000.19;1026955.35;2013-12-01T00:00:00
40652491;538647;Postøižín;;;;;126209;Postøižín;818763;Dláždìná;è.p.;352;;;25070;743250.18;1026613.76;2013-12-01T00:00:00
40654559;538647;Postøižín;;;;;126209;Postøižín;818771;K Moklinì;è.p.;342;;;25070;743330.21;1026545.12;2013-12-01T00:00:00
40655041;538647;Postøižín;;;;;126209;Postøižín;818780;Zámková;è.p.;357;;;25070;743248.88;1026521.09;2013-12-01T00:00:00
40705706;538647;Postøižín;;;;;126209;Postøižín;818780;Zámková;è.p.;358;;;25070;743241.09;1026541.07;2013-12-01T00:00:00
40769160;538647;Postøižín;;;;;126209;Postøižín;762474;Krajní;è.p.;368;;;25070;743363.62;1027001.38;2013-12-01T00:00:00
40796060;538647;Postøižín;;;;;126209;Postøižín;818771;K Moklinì;è.p.;339;;;25070;743305.53;1026515.91;2013-12-01T00:00:00
40797716;538647;Postøižín;;;;;126209;Postøižín;812323;Prùmyslová;è.p.;504;;;25070;743517.99;1025145.61;2014-08-06T00:00:00
40812332;538647;Postøižín;;;;;126209;Postøižín;818763;Dláždìná;è.p.;349;;;25070;743262.90;1026625.64;2013-12-01T00:00:00
40812391;538647;Postøižín;;;;;126209;Postøižín;806421;Pod Vinicí;è.p.;207;;;25070;743668.88;1027028.55;2013-12-01T00:00:00
40822001;538647;Postøižín;;;;;126209;Postøižín;818780;Zámková;è.p.;359;;;25070;743233.73;1026559.58;2013-12-01T00:00:00
40962253;538647;Postøižín;;;;;126209;Postøižín;818763;Dláždìná;è.p.;345;;;25070;743315.40;1026575.40;2013-12-01T00:00:00
41031946;538647;Postøižín;;;;;126209;Postøižín;762474;Krajní;è.p.;176;;;25070;743411.58;1027012.66;2013-12-01T00:00:00
41090292;538647;Postøižín;;;;;126209;Postøižín;809578;Sluneèní;è.p.;400;;;25070;743304.73;1026427.89;2013-12-01T00:00:00
41567200;538647;Postøižín;;;;;126209;Postøižín;818763;Dláždìná;è.p.;353;;;25070;743256.59;1026595.76;2013-12-01T00:00:00
41568125;538647;Postøižín;;;;;126209;Postøižín;818763;Dláždìná;è.p.;347;;;25070;743280.62;1026582.93;2013-12-01T00:00:00
41665902;538647;Postøižín;;;;;126209;Postøižín;809578;Sluneèní;è.p.;406;;;25070;743328.97;1026438.77;2013-12-01T00:00:00
41703286;538647;Postøižín;;;;;126209;Postøižín;818771;K Moklinì;è.p.;335;;;25070;743213.09;1026486.71;2013-12-01T00:00:00
42105129;538647;Postøižín;;;;;126209;Postøižín;791695;Pod Topolákem;è.p.;325;;;25070;742918.91;1026837.18;2017-10-16T00:00:00
42107903;538647;Postøižín;;;;;126209;Postøižín;818771;K Moklinì;è.p.;336;;;25070;743234.66;1026491.41;2014-02-27T00:00:00
42217881;538647;Postøižín;;;;;126209;Postøižín;818771;K Moklinì;è.p.;340;;;25070;743322.14;1026519.70;2013-12-01T00:00:00
42217954;538647;Postøižín;;;;;126209;Postøižín;762474;Krajní;è.p.;181;;;25070;743442.01;1027004.81;2013-12-01T00:00:00
42606152;538647;Postøižín;;;;;126209;Postøižín;762474;Krajní;è.p.;162;;;25070;743232.16;1026957.02;2013-12-01T00:00:00
42611539;538647;Postøižín;;;;;126209;Postøižín;809551;Duhová;è.p.;385;;;25070;743292.79;1026368.07;2013-12-01T00:00:00
42648092;538647;Postøižín;;;;;126209;Postøižín;818771;K Moklinì;è.p.;338;;;25070;743285.72;1026508.53;2013-12-01T00:00:00
42680450;538647;Postøižín;;;;;126209;Postøižín;818771;K Moklinì;è.p.;373;;;25070;743188.56;1026502.58;2013-12-01T00:00:00
42735882;538647;Postøižín;;;;;126209;Postøižín;791717;Trnková;è.p.;213;;;25070;742979.96;1026940.42;2013-12-01T00:00:00
71032991;538647;Postøižín;;;;;126209;Postøižín;818763;Dláždìná;è.p.;350;;;25070;743253.82;1026643.62;2014-01-15T00:00:00
72322861;538647;Postøižín;;;;;126209;Postøižín;791695;Pod Topolákem;è.p.;324;;;25070;742914.49;1026841.15;2014-03-05T00:00:00
72374161;538647;Postøižín;;;;;126209;Postøižín;791695;Pod Topolákem;è.p.;319;;;25070;742890.28;1026865.86;2014-03-12T00:00:00
72788747;538647;Postøižín;;;;;126209;Postøižín;818763;Dláždìná;è.p.;356;;;25070;743279.40;1026531.90;2014-06-13T00:00:00
72841419;538647;Postøižín;;;;;126209;Postøižín;791695;Pod Topolákem;è.p.;326;;;25070;742923.54;1026832.94;2014-06-24T00:00:00
72880171;538647;Postøižín;;;;;126209;Postøižín;1197860;F. J. Suka;è.p.;461;;;25070;743527.44;1026663.74;2014-07-09T00:00:00
72893605;538647;Postøižín;;;;;126209;Postøižín;1197622;Kozomínská;è.p.;478;;;25070;743465.18;1026551.21;2014-07-15T00:00:00
72958405;538647;Postøižín;;;;;126209;Postøižín;812323;Prùmyslová;è.p.;505;;;25070;743474.40;1025232.57;2014-08-06T00:00:00
72965347;538647;Postøižín;;;;;126209;Postøižín;818771;K Moklinì;è.p.;464;;;25070;743510.38;1026624.60;2014-08-07T00:00:00
72965550;538647;Postøižín;;;;;126209;Postøižín;818771;K Moklinì;è.p.;465;;;25070;743502.89;1026620.91;2014-08-07T00:00:00
73136115;538647;Postøižín;;;;;126209;Postøižín;1197622;Kozomínská;è.p.;472;;;25070;743471.88;1026580.26;2014-10-16T00:00:00
73159930;538647;Postøižín;;;;;126209;Postøižín;1167472;Zlonèická;è.p.;454;;;25070;743471.00;1026742.88;2014-10-27T00:00:00
73160008;538647;Postøižín;;;;;126209;Postøižín;1197860;F. J. Suka;è.p.;459;;;25070;743523.62;1026719.38;2014-10-27T00:00:00
73192775;538647;Postøižín;;;;;126209;Postøižín;791717;Trnková;è.p.;198;;;25070;742894.46;1026892.46;2014-11-11T00:00:00
73200239;538647;Postøižín;;;;;126209;Postøižín;818771;K Moklinì;è.p.;371;;;25070;743218.05;1026504.49;2014-11-13T00:00:00
73265934;538647;Postøižín;;;;;126209;Postøižín;1197622;Kozomínská;è.p.;414;;;25070;743393.03;1026685.50;2014-12-11T00:00:00
73315745;538647;Postøižín;;;;;126209;Postøižín;1197622;Kozomínská;è.p.;432;;;25070;743438.22;1026596.06;2015-01-05T00:00:00
73315915;538647;Postøižín;;;;;126209;Postøižín;1197622;Kozomínská;è.p.;434;;;25070;743455.84;1026613.28;2015-01-05T00:00:00
73317861;538647;Postøižín;;;;;126209;Postøižín;1197622;Kozomínská;è.p.;473;;;25070;743475.73;1026573.71;2015-01-06T00:00:00
73343579;538647;Postøižín;;;;;126209;Postøižín;1197622;Kozomínská;è.p.;416;;;25070;743414.04;1026711.92;2015-01-14T00:00:00
73485225;538647;Postøižín;;;;;126209;Postøižín;1197622;Kozomínská;è.p.;475;;;25070;743453.39;1026570.62;2015-03-05T00:00:00
73653535;538647;Postøižín;;;;;126209;Postøižín;814431;Polní;è.p.;329;;;25070;742942.63;1026841.64;2015-05-05T00:00:00
73666246;538647;Postøižín;;;;;126209;Postøižín;1167472;Zlonèická;è.p.;488;;;25070;743591.40;1026702.12;2015-05-10T00:00:00
73744565;538647;Postøižín;;;;;126209;Postøižín;1198238;Døínovská;è.p.;446;;;25070;743473.73;1026683.66;2015-06-03T00:00:00
73778982;538647;Postøižín;;;;;126209;Postøižín;1197622;Kozomínská;è.p.;430;;;25070;743429.97;1026609.52;2015-06-12T00:00:00
73779318;538647;Postøižín;;;;;126209;Postøižín;1197622;Kozomínská;è.p.;415;;;25070;743417.63;1026722.92;2015-06-12T00:00:00
73779407;538647;Postøižín;;;;;126209;Postøižín;818780;Zámková;è.p.;370;;;25070;743214.64;1026537.40;2015-06-12T00:00:00
73787078;538647;Postøižín;;;;;126209;Postøižín;1197622;Kozomínská;è.p.;477;;;25070;743461.74;1026556.88;2015-06-16T00:00:00
73849308;538647;Postøižín;;;;;126209;Postøižín;1197622;Kozomínská;è.p.;431;;;25070;743433.36;1026602.15;2015-07-08T00:00:00
74056531;538647;Postøižín;;;;;126209;Postøižín;2027551;Spojovací;è.p.;174;;;25070;743107.35;1024636.75;2017-03-21T00:00:00
74160524;538647;Postøižín;;;;;126209;Postøižín;1197622;Kozomínská;è.p.;476;;;25070;743457.67;1026563.58;2015-10-20T00:00:00
74179560;538647;Postøižín;;;;;126209;Postøižín;1167472;Zlonèická;è.p.;450;;;25070;743439.61;1026735.10;2015-10-26T00:00:00
74287133;538647;Postøižín;;;;;126209;Postøižín;;;è.p.;600;;;25070;743695.73;1025220.17;2015-11-23T00:00:00
74310151;538647;Postøižín;;;;;126209;Postøižín;1198238;Døínovská;è.p.;449;;;25070;743497.44;1026690.19;2015-11-27T00:00:00
74364821;538647;Postøižín;;;;;126209;Postøižín;818771;K Moklinì;è.p.;469;;;25070;743515.18;1026606.38;2015-12-10T00:00:00
74364880;538647;Postøižín;;;;;126209;Postøižín;418595;Úžická;è.p.;490;;;25070;743188.44;1026432.57;2015-12-10T00:00:00
74483293;538647;Postøižín;;;;;126209;Postøižín;762474;Krajní;è.p.;183;;;25070;743385.00;1027004.36;2016-01-19T00:00:00
74508563;538647;Postøižín;;;;;126209;Postøižín;418501;Pøíèná;è.p.;135;;;25070;743210.70;1026872.69;2016-01-26T00:00:00
74557386;538647;Postøižín;;;;;126209;Postøižín;1167472;Zlonèická;è.p.;455;;;25070;743486.78;1026746.37;2016-02-10T00:00:00
74667891;538647;Postøižín;;;;;126209;Postøižín;1167472;Zlonèická;è.p.;480;;;25070;743590.08;1026753.77;2016-03-07T00:00:00
74668005;538647;Postøižín;;;;;126209;Postøižín;1167472;Zlonèická;è.p.;483;;;25070;743570.20;1026702.53;2016-03-07T00:00:00
74668269;538647;Postøižín;;;;;126209;Postøižín;1167472;Zlonèická;è.p.;484;;;25070;743572.31;1026681.66;2016-03-07T00:00:00
74668358;538647;Postøižín;;;;;126209;Postøižín;1167472;Zlonèická;è.p.;487;;;25070;743596.39;1026683.29;2016-03-07T00:00:00
74871421;538647;Postøižín;;;;;126209;Postøižín;1198238;Døínovská;è.p.;447;;;25070;743481.68;1026684.98;2016-04-11T00:00:00
74875531;538647;Postøižín;;;;;126209;Postøižín;1167472;Zlonèická;è.p.;453;;;25070;743463.87;1026739.03;2016-04-12T00:00:00
74885642;538647;Postøižín;;;;;126209;Postøižín;1197622;Kozomínská;è.p.;417;;;25070;743414.57;1026705.58;2016-04-14T00:00:00
75015919;538647;Postøižín;;;;;126209;Postøižín;1167472;Zlonèická;è.p.;452;;;25070;743456.06;1026737.06;2016-05-17T00:00:00
75034671;538647;Postøižín;;;;;126209;Postøižín;818771;K Moklinì;è.p.;467;;;25070;743488.78;1026613.82;2016-05-23T00:00:00
75087065;538647;Postøižín;;;;;126209;Postøižín;418498;Vinohradská;è.p.;136;;;25070;743313.71;1026843.15;2016-06-07T00:00:00
75252295;538647;Postøižín;;;;;126209;Postøižín;1197622;Kozomínská;è.p.;427;;;25070;743416.83;1026643.96;2016-08-05T00:00:00
75252651;538647;Postøižín;;;;;126209;Postøižín;818771;K Moklinì;è.p.;471;;;25070;743501.88;1026599.48;2016-08-05T00:00:00
75252708;538647;Postøižín;;;;;126209;Postøižín;818763;Dláždìná;è.p.;354;;;25070;743261.97;1026572.63;2016-08-05T00:00:00
75323681;538647;Postøižín;;;;;126209;Postøižín;2027551;Spojovací;è.p.;364;;;25070;743165.31;1024645.08;2017-03-21T00:00:00
75331951;538647;Postøižín;;;;;126209;Postøižín;1198238;Døínovská;è.p.;444;;;25070;743459.17;1026678.78;2016-09-09T00:00:00
75343321;538647;Postøižín;;;;;126209;Postøižín;1198238;Døínovská;è.p.;443;;;25070;743500.01;1026667.15;2016-09-15T00:00:00
75491613;538647;Postøižín;;;;;126209;Postøižín;1198238;Døínovská;è.p.;448;;;25070;743489.35;1026686.57;2016-11-03T00:00:00
75557231;538647;Postøižín;;;;;126209;Postøižín;818763;Dláždìná;è.p.;351;;;25070;743235.93;1026639.10;2016-11-21T00:00:00
75572966;538647;Postøižín;;;;;126209;Postøižín;418561;Pražská;è.p.;362;;;25070;743082.24;1026682.07;2016-11-24T00:00:00
75650991;538647;Postøižín;;;;;126209;Postøižín;1198238;Døínovská;è.p.;445;;;25070;743466.38;1026682.15;2016-12-15T00:00:00
75651271;538647;Postøižín;;;;;126209;Postøižín;1197860;F. J. Suka;è.p.;460;;;25070;743524.47;1026696.79;2016-12-15T00:00:00
75866439;538647;Postøižín;;;;;126209;Postøižín;1197622;Kozomínská;è.p.;428;;;25070;743425.00;1026626.03;2017-02-23T00:00:00
76028623;538647;Postøižín;;;;;126209;Postøižín;1197622;Kozomínská;è.p.;425;;;25070;743409.49;1026655.66;2017-04-03T00:00:00
76045510;538647;Postøižín;;;;;126209;Postøižín;1197622;Kozomínská;è.p.;426;;;25070;743411.97;1026649.92;2017-04-07T00:00:00
76079309;538647;Postøižín;;;;;126209;Postøižín;1167472;Zlonèická;è.p.;489;;;25070;743589.19;1026726.28;2017-04-18T00:00:00
76111253;538647;Postøižín;;;;;126209;Postøižín;1198238;Døínovská;è.p.;442;;;25070;743492.15;1026667.04;2017-04-25T00:00:00
76111741;538647;Postøižín;;;;;126209;Postøižín;1197860;F. J. Suka;è.p.;491;;;25070;743579.19;1026607.91;2017-04-25T00:00:00
76111890;538647;Postøižín;;;;;126209;Postøižín;1197860;F. J. Suka;è.p.;458;;;25070;743522.02;1026746.77;2017-04-25T00:00:00
76111971;538647;Postøižín;;;;;126209;Postøižín;1197622;Kozomínská;è.p.;438;;;25070;743441.05;1026641.41;2017-04-25T00:00:00
76148416;538647;Postøižín;;;;;126209;Postøižín;1197622;Kozomínská;è.p.;435;;;25070;743452.37;1026621.27;2017-05-12T00:00:00
76148670;538647;Postøižín;;;;;126209;Postøižín;1197622;Kozomínská;è.p.;418;;;25070;743418.27;1026697.52;2017-05-12T00:00:00
76148718;538647;Postøižín;;;;;126209;Postøižín;1197622;Kozomínská;è.p.;422;;;25070;743429.30;1026667.50;2017-05-12T00:00:00
76198201;538647;Postøižín;;;;;126209;Postøižín;1197622;Kozomínská;è.p.;421;;;25070;743428.16;1026675.04;2017-05-31T00:00:00
76198251;538647;Postøižín;;;;;126209;Postøižín;818771;K Moklinì;è.p.;468;;;25070;743522.66;1026610.03;2017-05-31T00:00:00
76561399;538647;Postøižín;;;;;126209;Postøižín;1198238;Døínovská;è.p.;441;;;25070;743483.34;1026664.76;2017-07-11T00:00:00
77561325;538647;Postøižín;;;;;126209;Postøižín;1167472;Zlonèická;è.p.;482;;;25070;743569.68;1026728.75;2017-08-10T00:00:00
77659783;538647;Postøižín;;;;;126209;Postøižín;1197622;Kozomínská;è.p.;429;;;25070;743426.74;1026617.04;2017-09-20T00:00:00
77659821;538647;Postøižín;;;;;126209;Postøižín;1197622;Kozomínská;è.p.;436;;;25070;743456.57;1026631.10;2017-09-20T00:00:00
77660048;538647;Postøižín;;;;;126209;Postøižín;1197622;Kozomínská;è.p.;437;;;25070;743453.22;1026638.36;2017-09-20T00:00:00
77660951;538647;Postøižín;;;;;126209;Postøižín;740306;U Potoka;è.p.;369;;;25070;743133.68;1026907.41;2017-09-20T00:00:00
77670663;538647;Postøižín;;;;;126209;Postøižín;2085445;Jelení;è.p.;494;;;25070;743656.46;1026624.50;2017-09-25T00:00:00
77671261;538647;Postøižín;;;;;126209;Postøižín;762474;Krajní;è.p.;367;;;25070;743128.14;1026879.04;2017-09-25T00:00:00
77713711;538647;Postøižín;;;;;126209;Postøižín;818780;Zámková;è.p.;372;;;25070;743188.13;1026526.29;2017-10-12T00:00:00
77715616;538647;Postøižín;;;;;126209;Postøižín;2085445;Jelení;è.p.;496;;;25070;743649.93;1026581.58;2017-10-13T00:00:00
77716248;538647;Postøižín;;;;;126209;Postøižín;809551;Duhová;è.p.;382;;;25070;743325.15;1026317.74;2017-10-13T00:00:00
77719221;538647;Postøižín;;;;;126209;Postøižín;1197622;Kozomínská;è.p.;474;;;25070;743479.37;1026567.23;2017-10-16T00:00:00
77752376;538647;Postøižín;;;;;126209;Postøižín;1197622;Kozomínská;è.p.;423;;;25070;743405.74;1026668.40;2017-10-27T00:00:00
77752449;538647;Postøižín;;;;;126209;Postøižín;2085445;Jelení;è.p.;507;;;25070;743650.90;1026479.93;2017-10-27T00:00:00
77781783;538647;Postøižín;;;;;126209;Postøižín;1167472;Zlonèická;è.p.;485;;;25070;743576.38;1026657.07;2017-11-07T00:00:00
77821025;538647;Postøižín;;;;;126209;Postøižín;818771;K Moklinì;è.p.;470;;;25070;743508.09;1026602.44;2017-11-24T00:00:00
77826485;538647;Postøižín;;;;;126209;Postøižín;1167472;Zlonèická;è.p.;481;;;25070;743562.52;1026746.47;2017-11-27T00:00:00
77826655;538647;Postøižín;;;;;126209;Postøižín;809578;Sluneèní;è.p.;399;;;25070;743312.46;1026410.96;2017-11-27T00:00:00
77850050;538647;Postøižín;;;;;126209;Postøižín;418480;Dlouhá;è.p.;366;;;25070;743326.57;1026787.84;2017-12-06T00:00:00
77850360;538647;Postøižín;;;;;126209;Postøižín;1197622;Kozomínská;è.p.;433;;;25070;743457.45;1026604.84;2017-12-06T00:00:00
77851544;538647;Postøižín;;;;;126209;Postøižín;2085445;Jelení;è.p.;506;;;25070;743643.31;1026494.64;2017-12-06T00:00:00
77880161;538647;Postøižín;;;;;126209;Postøižín;1197860;F. J. Suka;è.p.;493;;;25070;743630.69;1026604.10;2017-12-18T00:00:00
77916816;538647;Postøižín;;;;;126209;Postøižín;1167472;Zlonèická;è.p.;451;;;25070;743448.52;1026735.28;2018-01-10T00:00:00
77948505;538647;Postøižín;;;;;126209;Postøižín;2085445;Jelení;è.p.;495;;;25070;743651.41;1026599.16;2018-01-18T00:00:00
77971523;538647;Postøižín;;;;;126209;Postøižín;814431;Polní;è.p.;333;;;25070;742956.05;1026864.25;2018-01-29T00:00:00
78004616;538647;Postøižín;;;;;126209;Postøižín;818763;Dláždìná;è.p.;348;;;25070;743272.98;1026597.54;2018-02-09T00:00:00
78017262;538647;Postøižín;;;;;126209;Postøižín;1198173;V Jezírkách;è.p.;537;;;25070;743539.07;1026541.92;2018-02-14T00:00:00
78017564;538647;Postøižín;;;;;126209;Postøižín;2090449;Ježková;è.p.;561;;;25070;743592.08;1026488.97;2018-02-14T00:00:00
78019206;538647;Postøižín;;;;;126209;Postøižín;1167472;Zlonèická;è.p.;456;;;25070;743495.17;1026748.36;2018-02-14T00:00:00
78020476;538647;Postøižín;;;;;126209;Postøižín;2085445;Jelení;è.p.;497;;;25070;743645.54;1026556.08;2018-02-14T00:00:00
78021308;538647;Postøižín;;;;;126209;Postøižín;818771;K Moklinì;è.p.;341;;;25070;743349.28;1026527.90;2018-02-14T00:00:00
78030226;538647;Postøižín;;;;;126209;Postøižín;2090449;Ježková;è.p.;563;;;25070;743583.26;1026489.12;2018-02-16T00:00:00
78030676;538647;Postøižín;;;;;126209;Postøižín;418480;Dlouhá;è.p.;365;;;25070;743163.04;1026765.89;2018-02-16T00:00:00
78031028;538647;Postøižín;;;;;126209;Postøižín;1197622;Kozomínská;è.p.;424;;;25070;743406.68;1026661.63;2018-02-16T00:00:00
78132592;538647;Postøižín;;;;;126209;Postøižín;809551;Duhová;è.p.;390;;;25070;743347.87;1026318.80;2018-03-16T00:00:00
78244978;538647;Postøižín;;;;;126209;Postøižín;1197860;F. J. Suka;è.p.;492;;;25070;743601.50;1026606.32;2018-04-12T00:00:00
78245061;538647;Postøižín;;;;;126209;Postøižín;1197622;Kozomínská;è.p.;542;;;25070;743478.95;1026520.68;2018-04-12T00:00:00
78277671;538647;Postøižín;;;;;126209;Postøižín;2090449;Ježková;è.p.;557;;;25070;743608.26;1026492.95;2018-04-20T00:00:00
78277809;538647;Postøižín;;;;;126209;Postøižín;1198173;V Jezírkách;è.p.;535;;;25070;743547.61;1026544.75;2018-04-20T00:00:00
78383927;538647;Postøižín;;;;;126209;Postøižín;1197622;Kozomínská;è.p.;538;;;25070;743487.78;1026553.07;2018-05-31T00:00:00
78384389;538647;Postøižín;;;;;126209;Postøižín;1198173;V Jezírkách;è.p.;526;;;25070;743580.84;1026556.43;2018-06-07T00:00:00
78394562;538647;Postøižín;;;;;126209;Postøižín;1198173;V Jezírkách;è.p.;522;;;25070;743611.96;1026565.36;2018-05-31T00:00:00
78399122;538647;Postøižín;;;;;126209;Postøižín;1198173;V Jezírkách;è.p.;528;;;25070;743573.20;1026553.79;2018-06-04T00:00:00
78406773;538647;Postøižín;;;;;126209;Postøižín;814431;Polní;è.p.;330;;;25070;742946.36;1026847.69;2018-06-05T00:00:00
78433312;538647;Postøižín;;;;;126209;Postøižín;1167472;Zlonèická;è.p.;486;;;25070;743597.85;1026661.74;2018-06-14T00:00:00
78448476;538647;Postøižín;;;;;126209;Postøižín;2090449;Ježková;è.p.;562;;;25070;743589.45;1026469.57;2018-06-19T00:00:00
78458391;538647;Postøižín;;;;;126209;Postøižín;1197622;Kozomínská;è.p.;581;;;25070;743517.67;1026423.02;2018-06-22T00:00:00
78458731;538647;Postøižín;;;;;126209;Postøižín;1197622;Kozomínská;è.p.;541;;;25070;743503.02;1026525.25;2018-06-22T00:00:00
78459940;538647;Postøižín;;;;;126209;Postøižín;2090449;Ježková;è.p.;572;;;25070;743450.55;1026443.07;2018-06-25T00:00:00
78546737;538647;Postøižín;;;;;126209;Postøižín;809551;Duhová;è.p.;381;;;25070;743331.32;1026306.14;2018-07-26T00:00:00
78546923;538647;Postøižín;;;;;126209;Postøižín;809551;Duhová;è.p.;380;;;25070;743341.29;1026300.80;2018-07-24T00:00:00
78553776;538647;Postøižín;;;;;126209;Postøižín;1197622;Kozomínská;è.p.;582;;;25070;743544.57;1026429.32;2018-07-26T00:00:00
78554152;538647;Postøižín;;;;;126209;Postøižín;2090449;Ježková;è.p.;573;;;25070;743457.43;1026444.33;2018-07-26T00:00:00
78587760;538647;Postøižín;;;;;126209;Postøižín;1197622;Kozomínská;è.p.;544;;;25070;743480.11;1026513.75;2018-08-09T00:00:00
78588715;538647;Postøižín;;;;;126209;Postøižín;2085445;Jelení;è.p.;499;;;25070;743643.14;1026515.88;2018-08-09T00:00:00
78588812;538647;Postøižín;;;;;126209;Postøižín;1197622;Kozomínská;è.p.;546;;;25070;743481.35;1026504.90;2018-08-09T00:00:00
78589207;538647;Postøižín;;;;;126209;Postøižín;1197622;Kozomínská;è.p.;589;;;25070;743541.41;1026402.13;2018-08-09T00:00:00
78589240;538647;Postøižín;;;;;126209;Postøižín;1197622;Kozomínská;è.p.;548;;;25070;743482.51;1026497.50;2018-08-09T00:00:00
78589274;538647;Postøižín;;;;;126209;Postøižín;1197622;Kozomínská;è.p.;584;;;25070;743552.39;1026426.73;2018-08-10T00:00:00
78604150;538647;Postøižín;;;;;126209;Postøižín;1197860;F. J. Suka;è.p.;462;;;25070;743535.80;1026637.73;2018-08-15T00:00:00
78722845;538647;Postøižín;;;;;126209;Postøižín;1198173;V Jezírkách;è.p.;531;;;25070;743547.38;1026564.30;2018-09-27T00:00:00
78752400;538647;Postøižín;;;;;126209;Postøižín;1197622;Kozomínská;è.p.;551;;;25070;743505.70;1026482.65;2018-10-09T00:00:00
78752493;538647;Postøižín;;;;;126209;Postøižín;1197622;Kozomínská;è.p.;552;;;25070;743485.24;1026480.66;2018-10-09T00:00:00
78752558;538647;Postøižín;;;;;126209;Postøižín;1198173;V Jezírkách;è.p.;536;;;25070;743531.96;1026539.37;2018-10-09T00:00:00
78781833;538647;Postøižín;;;;;126209;Postøižín;2090449;Ježková;è.p.;559;;;25070;743599.65;1026490.77;2018-10-18T00:00:00
78781990;538647;Postøižín;;;;;126209;Postøižín;1197622;Kozomínská;è.p.;570;;;25070;743532.32;1026449.26;2018-10-18T00:00:00
78916836;538647;Postøižín;;;;;126209;Postøižín;1198173;V Jezírkách;è.p.;534;;;25070;743525.39;1026556.63;2018-11-28T00:00:00
78917018;538647;Postøižín;;;;;126209;Postøižín;2090449;Ježková;è.p.;558;;;25070;743613.45;1026475.26;2018-11-28T00:00:00
78917620;538647;Postøižín;;;;;126209;Postøižín;2090449;Ježková;è.p.;577;;;25070;743491.51;1026448.65;2018-11-28T00:00:00
78927846;538647;Postøižín;;;;;126209;Postøižín;2090449;Ježková;è.p.;575;;;25070;743475.62;1026445.72;2018-11-29T00:00:00
78928231;538647;Postøižín;;;;;126209;Postøižín;2090449;Ježková;è.p.;565;;;25070;743562.77;1026496.33;2018-11-29T00:00:00
78928427;538647;Postøižín;;;;;126209;Postøižín;1197622;Kozomínská;è.p.;553;;;25070;743510.50;1026476.82;2018-11-29T00:00:00
78928613;538647;Postøižín;;;;;126209;Postøižín;1198173;V Jezírkách;è.p.;521;;;25070;743619.30;1026567.84;2018-11-29T00:00:00
79002838;538647;Postøižín;;;;;126209;Postøižín;1197622;Kozomínská;è.p.;539;;;25070;743495.61;1026547.45;2018-12-20T00:00:00
79003061;538647;Postøižín;;;;;126209;Postøižín;2090449;Ježková;è.p.;556;;;25070;743621.37;1026476.93;2018-12-20T00:00:00
79003851;538647;Postøižín;;;;;126209;Postøižín;1197622;Kozomínská;è.p.;591;;;25070;743547.23;1026395.82;2018-12-20T00:00:00
79003966;538647;Postøižín;;;;;126209;Postøižín;818771;K Moklinì;è.p.;466;;;25070;743495.67;1026617.44;2018-12-20T00:00:00
79004083;538647;Postøižín;;;;;126209;Postøižín;1198173;V Jezírkách;è.p.;524;;;25070;743589.40;1026559.51;2018-12-20T00:00:00
79025111;538647;Postøižín;;;;;126209;Postøižín;2085445;Jelení;è.p.;498;;;25070;743644.27;1026535.48;2019-01-04T00:00:00
79025196;538647;Postøižín;;;;;126209;Postøižín;1198173;V Jezírkách;è.p.;523;;;25070;743597.89;1026560.49;2019-01-04T00:00:00
79062733;538647;Postøižín;;;;;126209;Postøižín;1197622;Kozomínská;è.p.;550;;;25070;743483.80;1026488.98;2019-01-15T00:00:00
79063004;538647;Postøižín;;;;;126209;Postøižín;809551;Duhová;è.p.;384;;;25070;743298.97;1026359.59;2019-01-15T00:00:00
79107851;538647;Postøižín;;;;;126209;Postøižín;2090449;Ježková;è.p.;574;;;25070;743466.71;1026446.14;2019-01-31T00:00:00
79114431;538647;Postøižín;;;;;126209;Postøižín;1198173;V Jezírkách;è.p.;525;;;25070;743582.73;1026576.67;2019-02-04T00:00:00
79129595;538647;Postøižín;;;;;126209;Postøižín;814431;Polní;è.p.;374;;;25070;743018.92;1026925.91;2019-02-08T00:00:00
79142206;538647;Postøižín;;;;;126209;Postøižín;1198173;V Jezírkách;è.p.;529;;;25070;743555.88;1026567.32;2019-02-12T00:00:00
79143679;538647;Postøižín;;;;;126209;Postøižín;2090449;Ježková;è.p.;568;;;25070;743566.28;1026462.26;2019-02-13T00:00:00
79191517;538647;Postøižín;;;;;126209;Postøižín;1197622;Kozomínská;è.p.;579;;;25070;743511.64;1026429.84;2019-03-04T00:00:00
